World,chain,model,k,H0,S8,chi2,rs,delta_chi2,tension_score
SHOES,tier9_v3_shoes_wide_ocdm,EDE (wide),9,70.8,0.79,2812.2,146.88,6.599999999999909,7.01799999999992
SHOES,tier9_v3_shoes_fresh,EDE (fresh),9,71.0,0.787,2815.0,147.01,9.400000000000091,9.414580000000091
SHOES,tier9_v3_shoes_minimal,EDE (k=8),8,71.1,0.791,2815.6,147.05,10.0,10.11921999999999
SHOES,tier9_v3_shoes_optimal,EDE (optimal),9,71.1,0.783,2820.5,147.21,14.900000000000091,15.010580000000079
SHOES,tier9_phenom_shoes,w₀wₐCDM,8,69.3,0.826,2795.9,147.11,-9.699999999999818,19.287120000000275
BASE,tier9_v3_baseline_minimal,EDE (k=8),8,70.1,0.809,2804.8,146.26,13.800000000000182,21.948020000000284
BASE,tier9_lcdm_baseline,ΛCDM,6,67.6,0.844,2791.0,146.89,0.0,115.74112000000038
BASE,tier9_phenom_baseline,w₀wₐCDM,8,67.4,0.83,2786.9,147.39,-4.099999999999909,125.59799999999966
TRGB,tier9_lcdm_trgb,ΛCDM,6,68.0,0.832,2782.7,147.18,0.0,90.10368
